<metadata>
  <!--
  This sample removes the class: android.support.v4.content.AsyncTaskLoader.LoadTask:
  <remove-node path="/api/package[@name='android.support.v4.content']/class[@name='AsyncTaskLoader.LoadTask']" />
  
  This sample removes the method: android.support.v4.content.CursorLoader.loadInBackground:
  <remove-node path="/api/package[@name='android.support.v4.content']/class[@name='CursorLoader']/method[@name='loadInBackground']" />
  -->

  <remove-node path="/api/package[starts-with(@name, 'com.google.maps.android.heatmaps')]" />
  <remove-node path="/api/package[starts-with(@name, 'com.google.android.gms.games')]" />
  <remove-node path="/api/package[starts-with(@name, 'com.google.android.gms.appstate')]" />

  <attr path="/api/package[@name='com.google.maps.android']" name="managedName">Android.Gms.Maps.Utils</attr>
  <attr path="/api/package[@name='com.google.maps.android.clustering']" name="managedName">Android.Gms.Maps.Utils.Clustering</attr>
  <attr path="/api/package[@name='com.google.maps.android.clustering.algo']" name="managedName">Android.Gms.Maps.Utils.Clustering.Algo</attr>
  <attr path="/api/package[@name='com.google.maps.android.clustering.view']" name="managedName">Android.Gms.Maps.Utils.Clustering.View</attr>
  <attr path="/api/package[@name='com.google.maps.android.geometry']" name="managedName">Android.Gms.Maps.Utils.Geometry</attr>
  <attr path="/api/package[@name='com.google.maps.android.projection']" name="managedName">Android.Gms.Maps.Utils.Projection</attr>
  <attr path="/api/package[@name='com.google.maps.android.quadtree']" name="managedName">Android.Gms.Maps.Utils.Quadtree</attr>
  <attr path="/api/package[@name='com.google.maps.android.ui']" name="managedName">Android.Gms.Maps.Utils.UI</attr>



  <remove-node path="/api/package[@name='com.google.android.gms.maps']/class[@name='GoogleMapOptionsCreator']" />
  <remove-node path="/api/package[@name!='com.google.android.gms.maps' and @name != 'com.google.android.gms.maps.model' and
                                  @name != 'com.google.android.gms.common' and @name != 'com.google.android.gms.plus' ]" />
  <remove-node path="/api/package[@name='com.google.android.gms.maps.model']/class[contains (@name, 'Creator')]" />
  <attr path="/api/package[@name='com.google.android.gms.maps']" name="managedName">Android.Gms.Maps</attr>
  <attr path="/api/package[@name='com.google.android.gms.maps.model']" name="managedName">Android.Gms.Maps.Model</attr>
  <attr path="/api/package[@name='com.google.android.gms.common']" name="managedName">Android.Gms.Common</attr>
  <attr path="/api/package[@name='com.google.android.gms.plus']" name="managedName">Android.Gms.Plus</attr>

  <attr path="/api/package[@name='com.google.android.gms.maps.model']/class[@name='MarkerOptions']/method[@name='position']" name="managedName">SetPosition</attr>
  <attr path="/api/package[@name='com.google.android.gms.maps.model']/class[@name='MarkerOptions']/method[@name='snippet']" name="managedName">SetSnippet</attr>
  <attr path="/api/package[@name='com.google.android.gms.maps.model']/class[@name='MarkerOptions']/method[@name='title']" name="managedName">SetTitle</attr>


  <add-node path="/api/package[@name='com.google.maps.android.MarkerManager']/class[@name='Collection']"/>
</metadata>
